temp,headche,pain,joint,taste,appetiteloss,addominalpain,nauseavomiting,dengue
1,1,0,0,1,1,1,0,1
1,0,1,1,0,0,0,0,0
1,1,1,0,0,0,0,0,0
1,1,0,0,0,0,0,1,0
1,1,0,0,0,0,1,1,1
1,1,0,0,1,0,0,0,1
1,1,1,0,1,0,0,0,1
1,1,0,1,0,0,0,1,1
1,1,0,0,1,1,1,0,1
1,0,1,1,0,0,0,0,0
1,1,1,0,0,0,0,0,0
1,1,0,0,0,0,0,1,0
1,1,0,0,0,0,1,1,1
1,1,0,0,1,0,0,0,1
1,1,1,0,1,0,0,0,1
1,1,0,1,0,0,0,1,1
1,1,0,0,1,1,1,0,1
1,0,1,1,0,0,0,0,0
1,1,1,0,0,0,0,0,0
1,1,0,0,0,0,0,1,0
1,1,0,0,0,0,1,1,1
1,1,0,0,1,0,0,0,1
1,1,1,0,1,0,0,0,1
1,1,0,1,0,0,0,1,1
1,1,0,0,1,1,1,0,1
1,0,1,1,0,0,0,0,0
1,1,1,0,0,0,0,0,0
1,1,0,0,0,0,0,1,0
1,1,0,0,0,0,1,1,1
1,1,0,0,1,0,0,0,1
1,1,1,0,1,0,0,0,1
1,1,0,1,0,0,0,1,1
1,1,0,0,1,1,1,0,1
1,0,1,1,0,0,0,0,0
1,1,1,0,0,0,0,0,0
1,1,0,0,0,0,0,1,0
1,1,0,0,0,0,1,1,1
1,1,0,0,1,0,0,0,1
1,1,1,0,1,0,0,0,1
1,1,0,1,0,0,0,1,1
1,1,0,0,1,1,1,0,1
1,0,1,1,0,0,0,0,0
1,1,1,0,0,0,0,0,0
1,1,0,0,0,0,0,1,0
1,1,0,0,0,0,1,1,1
1,1,0,0,1,0,0,0,1
1,1,1,0,1,0,0,0,1
1,1,0,1,0,0,0,1,1
1,1,0,0,1,1,1,0,1
1,0,1,1,0,0,0,0,0
1,1,1,0,0,0,0,0,0
1,1,0,0,0,0,0,1,0
1,1,0,0,0,0,1,1,1
1,1,0,0,1,0,0,0,1
1,1,1,0,1,0,0,0,1
1,1,0,1,0,0,0,1,1
1,1,0,0,1,1,1,0,1
1,0,1,1,0,0,0,0,0
1,1,1,0,0,0,0,0,0
1,1,0,0,0,0,0,1,0
1,1,0,0,0,0,1,1,1
1,1,0,0,1,0,0,0,1
1,1,1,0,1,0,0,0,1
1,1,0,1,0,0,0,1,1
1,1,0,0,1,1,1,0,1
1,0,1,1,0,0,0,0,0
1,1,1,0,0,0,0,0,0
1,1,0,0,0,0,0,1,0
1,1,0,0,0,0,1,1,1
1,1,0,0,1,0,0,0,1
1,1,1,0,1,0,0,0,1
1,1,0,1,0,0,0,1,1
